>C01_ADI09086.1	12	31
>C01_ALO07341.1	7	26
>C01_AOR29772.1	6	25
>C01_AOS61467.1	22	36
>C01_ATW48405.1	13	36
>C01_ELP64895.1	1	23
>C01_EMF30093.1	8	27
>C01_EST24664.1	9	27
>C01_KNE83477.1	5	27
>C01_KOG49630.1	15	35
>C01_KQX36889.1	8	27
>C01_KUO05395.1	13	29
>C01_OEV05529.1	1	23
>C01_OEV14114.1	4	27
>C01_OEV29760.1	5	27
>C01_OKH98982.1	11	31
>C01_OKJ57450.1	13	34
>C01_OMI38968.1	15	33
>C01_PIF86474.1	9	27
>C01_PJN34549.1	7	29
>C01_SCE17642.1	1	23
>C01_SED09724.1	8	31
>C01_SEH02571.1	7	32
>C01_SEU47807.1	1	22
>C01_SFD26332.1	23	39
>C01_SMF86310.1	15	38
>C01_SMF86318.1	13	32
>C02_AMW10320.1	15	35
>C02_ANN18894.1	19	38
>C02_EFL12127.1	72	86
>C02_EGX59650.1	15	35
>C02_EXG81266.1	14	32
>C02_GAQ51672.1	12	33
>C02_GAX57891.1	16	37
>C02_KUL50315.1	14	34
>C02_KUN35886.1	10	28
>C02_OIK24035.1	23	41
>C02_OKI36072.1	6	22
>C02_OLT47852.1	6	22
>C02_ONF61740.1	2	18
>C02_ONF61741.1	9	26
>C02_ORT49028.1	21	40
>C02_OSC71126.1	16	36
>C02_PCG87455.1	16	35
>C02_PJM95254.1	29	41
>C02_PKT70377.1	36	55
>C02_PKV69821.1	6	23
>C02_PNE33479.1	17	38
>C02_PRY19311.1	18	36
>C02_SCE01878.1	9	29
>C02_SCE87658.1	25	37
>C02_SCF14848.1	8	29
>C02_SCK34650.1	20	36
>C02_SCK50479.1	6	23
>C02_SCK50496.1	19	37
>C02_SCL34400.1	14	36
>C02_SDD78461.1	13	28
>C02_SDN39945.1	8	26
>C02_SEG79912.1	5	26
>C02_SEH04084.1	17	37
>C02_SEN27171.1	34	53
>C02_SFD29412.1	23	35
>C02_SHE94357.1	22	41
>C03_AFZ27510.1	6	25
>C03_AJC53635.1	13	33
>C03_ALB43288.1	2	21
>C03_BBC24758.1	5	22
>C03_OIJ99864.1	16	37
>C03_ONI86674.1	13	32
>C03_ONI86978.1	24	39
>C03_ONI87101.1	8	20
>C03_ORT49016.1	5	21
>C03_PKB26148.1	4	24
>C03_PSL52708.1	22	40
>C03_PTA47471.1	13	33
>C03_PVC80771.1	13	31
>C03_SDM63858.1	5	26
>C03_SDT82687.1	32	51
>C03_SDZ30256.1	5	18
>C03_SEO98883.1	3	24
>C03_SFW86808.1	24	40
>C06_AFY38363.1	8	31
>C06_BAU63957.1	12	31
>C06_BAZ20405.1	42	61
>C06_BAZ86410.1	11	33
>C06_BBD58560.1	6	30
>C06_OYD94772.1	10	31
>C06_OYE01066.1	9	30
>C06_PPJ64013.1	4	26
>C06_PRY21118.1	27	49
>C07_ACK70197.1	1	28
>C07_AFW94441.1	1	28
>C07_GBD54762.1	4	14
>C07_KIF35509.1	1	28
>C07_KOP25803.1	1	28
>C07_KST70146.1	1	28
>C07_OCQ99945.1	1	28
>C07_OYQ63523.1	25	52
>C09_ALO95113.1	14	36
>C09_ANP52225.1	4	17
>C09_AQW51769.1	5	24
>C09_OKK16601.1	13	31
>C09_OMI38030.1	14	36
>C09_OXL37054.1	11	33
>C09_PKT73475.1	16	32
>C09_SCL31068.1	26	48
>C09_SNX61895.1	9	31
>C12_AFZ01857.1	2	25
>C12_AKG24489.1	3	24
>C12_OUL32058.1	2	30
>C12_PAX60320.1	3	25
>C20_BAS57487.1	2	21
>C20_OKH17868.1	6	24
>C20_OYQ65654.1	2	17
>C20_PSB15792.1	2	25
>Ccya03_AFY94413.1	1	23
>Ccya03_AFZ02242.1	1	23
>Ccya03_BAU44504.1	3	24
>Ccya03_BAZ41011.1	2	24
>Ccya03_EPF17073.1	51	73
>Ccya03_GAP99709.1	51	73
>Ccya03nlr26_BAY96876.1	11	36
>Ccya03_OLP17403.1	42	64
>Cnlr26_ALB42078.1	11	36
>Cnlr26_BAY92963.1	11	39
>Cnlr26_EPF21720.1	8	36
>Cnlr26_OBQ14685.1	11	39
